<?xml version="1.0" encoding="UTF-8"?>

<!DOCTYPE hibernate-configuration PUBLIC
	"-//Hibernate/Hibernate Configuration DTD 3.0//EN"
	"http://www.hibernate.org/dtd/hibernate-configuration-3.0.dtd">
	
	
	
	
	
	
<hibernate-configuration>
	<session-factory>
		<!-- DriverName -->
		<!-- Fully Qualified class name -->
		<property name="connection.driver_class">com.mysql.cj.jdbc.Driver</property>
		
		<!-- URL of data base -->
		<property name="connection.url">jdbc:mysql://localhost:3306/ecommerce</property>
		<!-- UserName -->
		<property name="connection.username">root</property>
		<!-- Password -->
		<property name="connection.password">iamgod@666</property>
		
		<!-- Hibernate -->
		<!-- Dialect -->
		<property name="dialect">org.hibernate.dialect.MySQL8Dialect</property>
		<!-- Creation of Table -->
		<property name="hbm2ddl.auto">update</property>
		<!-- Mappings -->
		<mapping class="com.deloitte.entities.User"/>
		<mapping class="com.deloitte.entities.Product"/>
		<mapping class="com.deloitte.entities.Category"/>
		
	</session-factory>
</hibernate-configuration>